id_socio;nombre;fecha_de_nacimiento;fecha_de_asociado;cuota_al_dia;meses_como_socio;vitalicio
1;Alejandro Martínez;1963-03-31;1972-02-06;Sí;643;Sí
2;Lucía Fernández;1922-05-10;1939-11-08;Sí;1035;Sí
3;Diego López;1950-11-23;1987-01-20;Sí;461;No
4;Valeria Gómez;1937-02-25;1991-04-07;Sí;409;No
5;Javier Ruiz;1966-02-18;2011-02-03;Sí;168;No
6;Elena García;1980-02-17;1987-04-30;Sí;457;No
7;Manuel Torres;1963-11-14;2005-01-23;Sí;241;No
8;Sofía Vargas;1924-08-12;1933-02-10;Sí;1117;Sí
9;Rodrigo Sánchez;1922-02-08;1963-03-22;No;751;Sí
10;Natalia Moreno;1926-08-30;1951-01-19;No;899;Sí
11;Daniel Pérez;1934-07-17;1969-11-28;No;669;Sí
12;Andrea Castro;1968-02-06;2021-10-01;Sí;38;No
13;Sebastián Ortiz;1974-02-15;2014-05-21;No;128;No
14;Paula Díaz;1998-07-23;2024-12-04;Sí;0;No
15;Mateo Herrera;1937-07-06;1994-09-13;No;368;No
16;Laura Rivera;1995-03-28;2005-12-31;No;230;No
17;Martín Morales;1990-04-01;2024-12-04;Sí;0;No
18;Camila Aguilar;1971-11-11;1990-01-31;No;424;No
19;Nicolás Flores;1970-06-18;2024-12-04;No;0;No
20;Ana Rojas;1927-07-10;1941-03-29;Sí;1018;Sí
21;Gabriel Romero;1920-07-08;1932-07-23;Sí;1124;Sí
22;Claudia Jiménez;1972-05-05;2012-05-28;No;152;No
23;Samuel Navarro;2017-12-10;2024-12-04;No;0;No
24;Julia Vega;1925-03-14;1941-03-28;No;1018;Sí
25;Adrián Mendoza;1923-06-21;1951-07-17;Sí;893;Sí
26;Victoria Cruz;2006-05-20;2014-12-13;Sí;121;No
27;Santiago León;1951-03-13;2004-08-11;Sí;247;No
28;Daniela Campos;1929-09-26;1986-07-19;Sí;467;No
29;Emilio Paredes;1930-08-26;1986-02-13;No;472;No
30;Irene Ramos;2004-02-29;2024-12-04;Sí;0;No
31;Marcos Serrano;1959-09-15;1995-11-02;No;354;No
32;Clara Bautista;1979-08-16;2009-04-01;No;190;No
33;Hugo Pacheco;1949-02-04;1999-02-25;Sí;313;No
34;Sara Ibáñez;1944-01-27;1964-01-22;Sí;741;Sí
35;Mario Villanueva;1943-02-02;1967-10-03;Sí;696;Sí
36;Teresa Luna;1950-02-28;1990-05-29;No;420;No
37;Luis Fuentes;1985-06-05;1994-11-12;No;366;No
38;Ángela Soto;1927-02-25;1975-12-03;Sí;596;Sí
39;Tomás Delgado;1984-04-17;2011-04-22;No;165;No
40;Isabel Peña;1966-12-24;2017-10-07;Sí;87;No
41;Pablo Esquivel;1959-10-24;2015-05-06;Sí;116;No
42;Carmen Méndez;2018-05-06;2024-12-04;Sí;0;No
43;Álvaro Blanco;1992-08-21;2024-12-04;Sí;0;No
44;Rosa Domínguez;1924-05-04;1975-12-17;Sí;596;Sí
45;Enrique Zamora;1930-10-18;1947-06-19;Sí;943;Sí
46;Alicia Solís;1985-07-17;2024-12-04;No;0;No
47;Rafaela Chávez;1973-04-09;2019-10-06;Sí;62;No
48;Francisco Salinas;1922-10-18;1951-06-19;No;894;Sí
49;Lucía Quintana;1951-11-27;1988-11-01;Sí;439;No
50;Leonardo Correa;1956-09-25;1969-11-10;Sí;670;Sí
51;Eva Medina;1946-07-15;1959-10-28;Sí;792;Sí
52;Gonzalo Ramírez;1938-10-26;1996-01-05;Sí;352;No
53;Lola Alcázar;1935-07-16;1950-06-21;Sí;906;Sí
54;Felipe Acosta;1920-06-10;1933-11-01;Sí;1109;Sí
55;Beatriz Palacios;1992-09-16;2013-12-21;No;133;No
56;Óscar Alarcón;2012-06-09;2024-12-04;Sí;0;No
57;Nuria Velázquez;2009-04-09;2024-12-04;Sí;0;No
58;Rafael Lozano;1951-07-31;1988-03-18;Sí;447;No
59;Julia Navas;1999-09-30;2024-12-04;Sí;0;No
60;César Ávila;1990-10-11;2014-06-11;Sí;127;No
61;Miriam Beltrán;1922-10-13;1958-01-08;No;814;Sí
62;Joaquín Ortiz;1986-05-27;2024-12-04;Sí;0;No
63;Silvia Guzmán;1986-06-19;1998-11-19;No;317;No
64;Ignacio Muñoz;1983-08-25;2001-12-06;No;279;No
65;Alejandra Carrillo;1986-07-13;2012-08-25;No;149;No
66;Hugo Olvera;1943-05-09;1972-10-30;Sí;634;Sí
67;Andrea Nieves;1967-04-06;2014-09-18;Sí;124;No
68;Bruno Caballero;1945-05-17;1993-09-13;Sí;380;No
69;Carla Reyes;1978-03-28;1988-01-22;Sí;448;No
70;Jaime Estrada;1953-05-12;2001-10-02;No;282;No
71;Julieta Ochoa;1978-02-28;2016-04-26;No;104;No
72;Adriana Valdés;1943-06-20;1983-02-07;No;509;No
73;Lucas Trejo;1927-01-12;1948-10-15;Sí;926;Sí
74;Gabriela Castillo;1925-07-20;1931-11-12;Sí;1133;Sí
75;Esteban Solano;1927-05-19;1972-03-04;Sí;642;Sí
76;Rosario Cordero;1934-05-25;1939-10-24;Sí;1036;Sí
77;Antonio Prado;1980-03-28;2006-02-02;No;229;No
78;Catalina Salgado;2010-10-14;2019-12-15;Sí;60;No
79;Iván Lara;1958-04-17;1969-02-03;Sí;679;Sí
80;Marina Montes;1954-09-05;2000-11-15;Sí;292;No
81;Cristian Sánchez;1929-10-01;1941-02-28;Sí;1019;Sí
82;Fátima Ponce;1993-07-10;2012-07-31;Sí;150;No
83;Fernando Gallardo;1982-01-17;1990-06-09;Sí;419;No
84;Inés Lozoya;1942-12-23;1948-02-20;Sí;934;Sí
85;Jesús Benítez;2003-08-08;2024-12-04;No;0;No
86;Mónica Saavedra;1955-10-11;2010-02-12;Sí;180;No
87;Sergio Cáceres;1984-08-11;2023-04-26;Sí;19;No
88;Raquel Guzmán;2016-06-07;2024-12-04;No;0;No
89;Alejandro Robles;1952-05-29;1991-05-28;Sí;408;No
90;Lidia Márquez;1958-06-09;1966-11-11;Sí;706;Sí
91;Álvaro Segura;2004-05-17;2024-12-04;Sí;0;No
92;Patricia Cabral;1972-05-02;2003-10-02;Sí;257;No
93;David Velasco;1950-01-08;2009-08-04;Sí;186;No
94;Bianca Zúñiga;1987-03-08;2024-12-04;No;0;No
95;Emiliano Vargas;1933-11-04;1983-07-04;Sí;504;No
96;Susana Paredes;2008-12-06;2024-12-04;Sí;0;No
97;Eduardo Duarte;1942-03-16;1966-04-04;Sí;714;Sí
98;Cristina Lara;1957-09-16;1970-12-06;Sí;657;Sí
99;Diego Barbuto;1994-08-26;2024-12-04;Sí;0;No
100;Tiago Gonzalez;1967-09-03;1982-08-20;No;514;No
101;Sofía Martínez;2011-02-02;2019-10-04;Sí;62;No
102;Diego Fernández;1938-12-02;1976-05-16;Sí;591;Sí
103;Valeria López;1989-09-01;1995-08-04;Sí;357;No
104;Javier Gómez;1920-07-25;1941-09-13;Sí;1013;Sí
105;Elena Ruiz;1978-11-30;2017-06-17;No;90;No
106;Manuel García;1981-03-22;2024-12-04;No;0;No
107;Natalia Torres;1984-02-13;2020-03-04;Sí;57;No
108;Rodrigo Vargas;1981-05-03;1991-02-15;Sí;411;No
109;Daniel Sánchez;1969-09-01;1981-04-17;Sí;531;No
110;Camila Moreno;1960-07-29;1985-01-23;No;485;No
111;Sebastián Pérez;1937-06-14;1957-01-04;Sí;826;Sí
112;Laura Castro;1924-08-05;1973-02-10;Sí;630;Sí
113;Martín Ortiz;2012-08-12;2024-12-04;Sí;0;No
114;Paula Díaz;1964-05-07;2007-04-06;Sí;215;No
115;Nicolás Herrera;1947-02-22;1965-06-25;Sí;723;Sí
116;Clara Rivera;1996-05-11;2014-07-07;No;126;No
117;Mateo Morales;1981-01-19;2009-07-28;Sí;186;No
118;Ana Aguilar;1927-05-17;1965-09-21;Sí;720;Sí
119;Samuel Flores;2000-09-04;2024-12-04;Sí;0;No
120;Julia Rojas;2001-05-18;2024-12-04;Sí;0;No
121;Adrián Romero;1929-12-06;1967-11-27;Sí;694;Sí
122;Victoria Jiménez;1991-01-07;2008-02-22;No;204;No
123;Santiago Navarro;1979-10-12;2008-12-03;No;194;No
124;Daniela Vega;1969-05-30;1985-12-29;Sí;474;No
125;Emilio Mendoza;1991-06-22;2024-12-04;No;0;No
126;Irene Cruz;1948-01-04;1994-02-19;Sí;374;No
127;Marcos León;1963-01-02;1989-12-03;Sí;426;No
128;Ángela Campos;1980-03-02;2024-12-04;Sí;0;No
129;Tomás Paredes;1985-02-04;2014-10-13;Sí;123;No
130;Isabel Ramos;2002-05-10;2011-06-17;No;163;No
131;Pablo Serrano;1923-07-30;1947-01-07;No;948;Sí
132;Carmen Bautista;1938-07-21;1952-07-26;Sí;880;Sí
133;Álvaro Pacheco;1994-08-11;2024-12-04;No;0;No
134;Rosa Ibáñez;1945-12-09;2004-02-14;No;253;No
135;Enrique Villanueva;1980-02-14;1997-06-06;Sí;334;No
136;Alicia Luna;1935-02-21;1989-01-03;No;437;No
137;Rafaela Fuentes;2000-04-10;2024-12-04;No;0;No
138;Francisco Soto;1930-04-06;1936-12-09;Sí;1071;Sí
139;Lucía Delgado;2007-07-11;2024-12-04;Sí;0;No
140;Leonardo Peña;2009-02-24;2024-12-04;Sí;0;No
141;Eva Esquivel;1957-01-31;1969-05-20;Sí;676;Sí
142;Gonzalo Méndez;1921-10-25;1963-07-11;Sí;747;Sí
143;Lola Blanco;2015-03-09;2024-12-04;No;0;No
144;Felipe Domínguez;1941-11-20;1955-01-19;Sí;850;Sí
145;Beatriz Zamora;1996-09-19;2024-12-04;Sí;0;No
146;Óscar Solís;2002-12-19;2024-12-04;Sí;0;No
147;Nuria Chávez;1929-01-17;1952-03-22;No;885;Sí
148;Rafael Salinas;1968-05-23;2005-08-21;Sí;234;No
149;Julia Quintana;1985-07-16;2024-12-04;No;0;No
150;César Correa;1984-10-15;2024-12-04;No;0;No
151;Miriam Medina;1924-06-24;1950-03-09;Sí;909;Sí
152;Joaquín Ramírez;1974-12-23;2022-06-19;Sí;29;No
153;Silvia Alcázar;1995-12-01;2024-12-04;Sí;0;No
154;Ignacio Acosta;1993-03-14;2023-09-21;Sí;14;No
155;Alejandra Palacios;1998-07-03;2024-12-04;Sí;0;No
156;Hugo Alarcón;1922-05-04;1959-05-28;No;797;Sí
157;Andrea Velázquez;1987-03-18;2015-06-26;No;114;No
158;Bruno Lozano;1940-03-28;1998-12-19;No;316;No
159;Carla Navas;1979-01-07;1985-07-04;Sí;479;No
160;Jaime Ávila;1992-01-12;2008-12-04;Sí;194;No
161;Julieta Beltrán;1980-01-05;2012-05-17;Sí;152;No
162;Adriana Ortiz;1933-07-02;1981-09-08;Sí;526;No
163;Lucas Guzmán;2010-04-08;2024-12-04;Sí;0;No
164;Gabriela Muñoz;1954-09-27;1970-03-02;Sí;666;Sí
165;Esteban Carrillo;1989-05-20;2014-02-09;No;131;No
166;Rosario Olvera;1926-05-16;1956-01-09;Sí;838;Sí
167;Antonio Nieves;1920-07-16;1970-05-11;Sí;664;Sí
168;Catalina Caballero;1984-05-13;2023-01-30;Sí;22;No
169;Iván Reyes;2014-12-31;2024-12-04;Sí;0;No
170;Marina Estrada;1961-04-22;1989-05-26;Sí;432;No
171;Cristian Ochoa;1982-01-26;2022-08-13;Sí;28;No
172;Fátima Valdés;1988-12-13;1994-09-09;Sí;368;No
173;Fernando Trejo;1996-03-30;2024-12-04;Sí;0;No
174;Inés Castillo;1976-07-31;2024-12-04;No;0;No
175;Jesús Solano;1963-01-03;1997-01-25;Sí;339;No
176;Mónica Cordero;1992-03-13;2009-02-18;Sí;192;No
177;Sergio Prado;1927-09-12;1952-01-18;No;887;Sí
178;Raquel Salgado;1937-12-03;1990-04-18;Sí;421;No
179;Alejandro Lara;2015-02-25;2024-12-04;Sí;0;No
180;Lidia Montes;2002-09-13;2024-12-04;Sí;0;No
181;Álvaro Sánchez;1951-03-30;1985-11-07;Sí;475;No
182;Patricia Ponce;1927-12-21;1938-07-31;Sí;1051;Sí
183;David Gallardo;1924-09-30;1961-10-03;Sí;769;Sí
184;Bianca Lozoya;1969-11-26;1978-02-02;No;570;Sí
185;Emiliano Benítez;1943-10-07;1954-04-30;Sí;859;Sí
186;Susana Saavedra;1973-01-02;1978-05-26;Sí;566;Sí
187;Eduardo Cáceres;1970-03-22;2014-04-14;Sí;129;No
188;Cristina Guzmán;1935-10-08;1962-03-17;Sí;763;Sí
189;Andrés Robles;1983-03-09;2024-12-04;Sí;0;No
190;Rosa Márquez;2016-03-30;2024-12-04;Sí;0;No
191;Mario Segura;1950-06-03;1967-09-21;No;696;Sí
192;Teresa Cabral;1924-12-07;1971-06-01;Sí;651;Sí
193;Luis Velasco;1942-04-30;1972-05-22;No;639;Sí
194;Carla Zúñiga;1942-03-26;1975-10-10;Sí;598;Sí
195;Tomás Vargas;1980-01-04;2013-01-08;Sí;144;No
196;Isabel Duarte;1975-12-23;1985-12-23;Sí;474;No
197;Pablo Lara;2002-12-22;2024-12-04;No;0;No
198;Adrián Paredes;1965-07-29;1995-07-27;No;357;No
199;Sofía Rojas;2005-01-19;2023-03-16;Sí;20;No
200;Diego Romero;1988-12-28;1996-03-12;No;349;No
201;Lucía Jiménez;1964-10-27;1992-04-10;Sí;397;No
202;Valeria Navarro;1952-05-27;1962-07-07;Sí;759;Sí
203;Javier Vega;1925-08-11;1970-06-22;No;662;Sí
204;Elena Mendoza;2006-07-24;2024-12-04;Sí;0;No
205;Manuel Cruz;1977-04-23;2023-02-05;Sí;22;No
206;Natalia León;2001-09-27;2024-12-04;Sí;0;No
207;Rodrigo Campos;1939-08-07;1988-03-21;No;446;No
208;Daniel Ramos;1940-04-05;1960-02-14;Sí;789;Sí
209;Camila Serrano;1961-06-25;1991-04-30;Sí;409;No
210;Sebastián Bautista;1923-02-28;1937-11-30;Sí;1059;Sí
211;Laura Pacheco;1932-04-26;1941-02-12;Sí;1020;Sí
212;Martín Ibáñez;1937-03-27;1973-12-21;Sí;620;Sí
213;Paula Villanueva;1953-05-10;1978-04-08;Sí;568;Sí
214;Nicolás Luna;2000-03-20;2024-12-04;No;0;No
215;Clara Fuentes;1955-04-01;2011-04-21;Sí;165;No
216;Mateo Soto;2009-07-23;2024-12-04;Sí;0;No
217;Ana Delgado;1935-03-02;1969-07-31;Sí;673;Sí
218;Samuel Peña;1927-01-01;1970-11-15;Sí;658;Sí
219;Julia Esquivel;1965-02-15;2013-08-03;No;138;No
220;Adrián Méndez;1926-01-09;1980-10-17;Sí;537;No
221;Victoria Blanco;1928-02-09;1955-09-05;Sí;843;Sí
222;Santiago Domínguez;1978-06-22;2003-03-22;Sí;264;No
223;Daniela Zamora;1952-10-08;1959-10-03;Sí;793;Sí
224;Emilio Solís;1927-11-09;1985-03-14;Sí;483;No
225;Irene Chávez;1998-06-03;2024-12-04;Sí;0;No
226;Marcos Salinas;1987-09-22;2023-10-30;Sí;13;No
227;Ángela Quintana;1983-11-14;2024-12-04;No;0;No
228;Tomás Correa;1990-11-05;2023-07-06;Sí;17;No
229;Isabel Medina;1978-04-21;2004-04-06;No;251;No
230;Pablo Ramírez;1930-12-01;1987-07-10;No;455;No
231;Carmen Alcázar;1981-04-29;2024-12-04;No;0;No
232;Álvaro Acosta;2013-01-18;2024-12-04;No;0;No
233;Rosa Palacios;1977-03-02;2002-02-11;Sí;277;No
234;Enrique Alarcón;1932-12-18;1940-05-27;No;1029;Sí
235;Alicia Velázquez;1932-06-21;1965-06-15;No;724;Sí
236;Rafaela Lozano;1974-04-17;1992-02-02;Sí;399;No
237;Francisco Navas;1967-09-20;1978-01-03;No;571;Sí
238;Lucía Ávila;1938-11-15;1992-07-03;Sí;394;No
239;Leonardo Beltrán;1959-05-09;1996-11-08;Sí;341;No
240;Eva Ortiz;1929-05-29;1982-10-17;No;512;No
241;Gonzalo Guzmán;1943-12-20;1998-04-24;No;324;No
242;Lola Muñoz;1949-03-26;1990-06-23;No;419;No
243;Felipe Carrillo;1936-02-21;1970-11-28;Sí;657;Sí
244;Beatriz Olvera;1974-01-15;2024-12-04;Sí;0;No
245;Óscar Nieves;2004-03-06;2022-11-28;No;24;No
246;Nuria Caballero;2008-07-29;2024-12-04;Sí;0;No
247;Rafael Reyes;1935-05-02;1967-01-11;Sí;704;Sí
248;Julia Estrada;1999-09-27;2024-12-04;Sí;0;No
249;César Ochoa;1995-09-07;2024-12-04;Sí;0;No
250;Miriam Valdés;1944-08-29;1969-08-14;Sí;673;Sí
251;Joaquín Trejo;1942-06-22;1950-02-19;No;910;Sí
252;Silvia Castillo;1970-11-23;1987-03-17;Sí;459;No
253;Ignacio Solano;1967-10-14;2012-12-04;Sí;146;No
254;Alejandra Cordero;2019-02-22;2024-12-04;No;0;No
255;Hugo Prado;2009-05-08;2024-12-04;No;0;No
256;Andrea Salgado;2012-08-13;2024-12-04;No;0;No
257;Bruno Lara;1971-03-25;2001-02-25;Sí;289;No
258;Carla Montes;1929-05-13;1956-11-20;No;828;Sí
259;Jaime Sánchez;2005-06-19;2024-12-04;Sí;0;No
260;Julieta Ponce;1920-10-28;1934-02-02;Sí;1105;Sí
261;Adriana Gallardo;1921-11-30;1951-07-08;No;893;Sí
262;Lucas Lozoya;1920-07-09;1960-10-12;Sí;780;Sí
263;Gabriela Benítez;1948-09-22;1968-01-19;No;692;Sí
264;Esteban Saavedra;2017-11-10;2024-12-04;Sí;0;No
265;Rosario Cáceres;1936-09-15;1981-07-25;Sí;527;No
266;Antonio Guzmán;1974-02-24;2024-11-14;Sí;0;No
267;Catalina Robles;1992-12-09;2004-06-30;Sí;248;No
268;Iván Márquez;2014-09-08;2024-12-04;No;0;No
269;Marina Segura;2009-08-26;2024-12-04;No;0;No
270;Cristian Cabral;1983-03-24;1992-07-30;No;393;No
271;Fátima Velasco;1921-07-23;1957-07-02;Sí;820;Sí
272;Fernando Zúñiga;2014-11-26;2024-12-04;Sí;0;No
273;Inés Vargas;1940-05-30;1948-12-31;No;924;Sí
274;Jesús Duarte;1930-12-28;1956-01-05;Sí;839;Sí
275;Mónica Lara;1950-05-16;2006-10-01;Sí;221;No
276;Sergio Paredes;1969-06-22;2024-12-04;Sí;0;No
277;Raquel Rojas;2017-12-14;2024-12-04;Sí;0;No
278;Alejandro Romero;1965-04-12;2010-06-28;Sí;175;No
279;Lidia Jiménez;1949-05-17;2003-11-23;No;256;No
280;Álvaro Navarro;2013-07-28;2024-12-04;Sí;0;No
281;Patricia Vega;1922-02-23;1928-02-19;Sí;1178;Sí
282;David Mendoza;1995-12-24;2024-12-04;No;0;No
283;Bianca Cruz;1954-04-25;1996-03-21;Sí;349;No
284;Emiliano León;1935-11-19;1951-02-11;Sí;898;Sí
285;Susana Campos;1972-07-16;1984-04-18;Sí;494;No
286;Eduardo Ramos;2001-01-07;2024-12-04;Sí;0;No
287;Cristina Serrano;1949-02-24;2000-07-11;Sí;297;No
288;Andrés Bautista;1943-11-12;1973-07-19;No;625;Sí
289;Rosa Pacheco;1983-12-11;1996-08-17;Sí;344;No
290;Mario Ibáñez;1980-04-04;2024-12-04;No;0;No
291;Teresa Villanueva;1986-09-27;2024-12-04;No;0;No
292;Luis Luna;1933-02-01;1972-11-21;No;633;Sí
293;Alejandro Martínez;1926-06-26;1952-03-07;No;885;Sí
294;Lucía Fernández;1952-12-17;1965-05-27;Sí;724;Sí
295;Diego López;1938-03-22;1975-04-02;No;604;Sí
296;Valeria Gómez;1932-04-22;1947-07-19;Sí;942;Sí
297;Javier Ruiz;1949-10-28;1981-07-23;No;528;No
298;Elena García;1989-12-11;2005-11-20;No;231;No
299;Manuel Torres;1981-04-16;2024-12-04;No;0;No
300;Sofía Vargas;1956-09-11;2005-09-16;Sí;233;No
301;Rodrigo Sánchez;2007-11-17;2013-09-05;No;136;No
302;Natalia Moreno;1955-12-04;1988-10-13;Sí;440;No
303;Daniel Pérez;1950-01-09;1982-01-28;Sí;521;No
304;Andrea Castro;2012-01-19;2020-02-27;Sí;58;No
305;Sebastián Ortiz;1997-07-07;2008-02-29;No;204;No
306;Paula Díaz;1982-02-01;2006-04-10;No;227;No
307;Mateo Herrera;2005-08-31;2024-12-04;Sí;0;No
308;Laura Rivera;2004-12-09;2022-05-17;No;31;No
309;Martín Morales;1933-01-29;1940-10-31;No;1023;Sí
310;Camila Aguilar;2001-06-13;2021-05-09;Sí;43;No
311;Nicolás Flores;1961-12-29;1996-04-20;No;348;No
312;Ana Rojas;1926-10-27;1972-03-13;No;641;Sí
313;Gabriel Romero;1994-07-27;2024-12-04;No;0;No
314;Claudia Jiménez;1959-12-21;1990-10-23;Sí;415;No
315;Samuel Navarro;1973-05-30;2014-10-08;Sí;123;No
316;Julia Vega;1928-05-09;1937-04-12;No;1067;Sí
317;Adrián Mendoza;1979-02-26;1985-09-18;No;477;No
318;Victoria Cruz;1979-05-30;1990-12-05;No;413;No
319;Santiago León;1922-05-26;1941-04-25;Sí;1017;Sí
320;Daniela Campos;2007-11-13;2024-12-04;No;0;No
321;Emilio Paredes;1931-05-05;1973-04-26;No;628;Sí
322;Irene Ramos;1961-08-15;1985-12-11;Sí;474;No
323;Marcos Serrano;1939-05-20;1994-05-27;Sí;371;No
324;Clara Bautista;1941-11-13;1981-10-30;Sí;524;No
325;Hugo Pacheco;1999-03-27;2024-12-04;No;0;No
326;Sara Ibáñez;1966-08-06;1992-02-07;No;399;No
327;Mario Villanueva;1969-06-29;2014-04-06;Sí;129;No
328;Teresa Luna;1991-11-22;2024-12-04;Sí;0;No
329;Luis Fuentes;1977-11-13;2023-07-19;Sí;16;No
330;Ángela Soto;1942-10-03;1969-11-08;Sí;670;Sí
331;Tomás Delgado;1967-02-17;1996-12-23;Sí;340;No
332;Isabel Peña;1958-08-07;2015-12-27;No;108;No
333;Pablo Esquivel;1997-05-07;2024-12-04;No;0;No
334;Carmen Méndez;1991-01-13;2024-12-04;Sí;0;No
335;Álvaro Blanco;1989-04-24;2000-10-01;No;294;No
336;Rosa Domínguez;2008-03-16;2024-12-04;Sí;0;No
337;Enrique Zamora;1942-09-30;1994-06-24;Sí;370;No
338;Alicia Solís;1936-04-15;1973-12-21;No;620;Sí
339;Rafaela Chávez;1923-02-24;1934-10-17;No;1097;Sí
340;Francisco Salinas;1985-07-22;2021-06-24;Sí;41;No
341;Lucía Quintana;2015-01-01;2024-12-04;Sí;0;No
342;Leonardo Correa;1945-03-14;1989-08-29;No;429;No
343;Eva Medina;1922-12-17;1960-04-07;Sí;787;Sí
344;Gonzalo Ramírez;2000-03-26;2024-12-04;Sí;0;No
345;Lola Alcázar;1966-04-05;2006-12-01;No;219;No
346;Felipe Acosta;1941-05-15;1955-07-22;Sí;844;Sí
347;Beatriz Palacios;1934-05-04;1978-06-15;Sí;565;Sí
348;Óscar Alarcón;1974-11-29;1997-10-24;No;330;No
349;Nuria Velázquez;1929-02-25;1979-02-10;Sí;557;Sí
350;Rafael Lozano;1956-12-17;1971-02-09;Sí;655;Sí
351;Julia Navas;2000-06-04;2024-12-04;No;0;No
352;César Ávila;1946-06-15;1959-03-28;Sí;799;Sí
353;Miriam Beltrán;1966-06-12;1999-11-27;Sí;304;No
354;Joaquín Ortiz;1942-04-05;1995-02-13;Sí;362;No
355;Silvia Guzmán;1973-06-22;2024-12-04;Sí;0;No
356;Ignacio Muñoz;1924-08-06;1967-12-02;Sí;694;Sí
357;Alejandra Carrillo;1929-08-07;1970-11-26;Sí;657;Sí
358;Hugo Olvera;1956-05-15;2014-11-11;Sí;122;No
359;Andrea Nieves;1939-11-10;1953-04-28;Sí;871;Sí
360;Bruno Caballero;1972-05-15;2009-06-17;No;188;No
361;Carla Reyes;1996-06-22;2024-12-04;No;0;No
362;Jaime Estrada;1945-10-31;1982-09-17;Sí;513;No
363;Julieta Ochoa;1956-05-27;2002-09-11;No;270;No
364;Adriana Valdés;2003-05-10;2011-01-21;Sí;168;No
365;Lucas Trejo;1956-04-06;1978-11-28;Sí;560;Sí
366;Gabriela Castillo;1999-09-27;2024-12-04;Sí;0;No
367;Esteban Solano;2001-11-10;2024-12-04;No;0;No
368;Rosario Cordero;2016-07-02;2024-12-04;No;0;No
369;Antonio Prado;2000-01-03;2020-05-28;Sí;55;No
370;Catalina Salgado;1991-10-06;2017-01-31;Sí;95;No
371;Iván Lara;1992-12-14;2024-12-04;Sí;0;No
372;Marina Montes;1983-02-08;2021-05-19;Sí;43;No
373;Cristian Sánchez;1958-07-09;2010-12-05;No;170;No
374;Fátima Ponce;2009-03-14;2024-12-04;Sí;0;No
375;Fernando Gallardo;2007-03-08;2024-12-04;Sí;0;No
376;Inés Lozoya;1927-10-20;1938-03-21;Sí;1055;Sí
377;Jesús Benítez;1983-10-06;2024-12-04;Sí;0;No
378;Mónica Saavedra;2016-07-12;2024-12-04;Sí;0;No
379;Sergio Cáceres;1946-11-23;1976-06-27;No;589;Sí
380;Raquel Guzmán;1946-02-13;1998-02-20;No;326;No
381;Alejandro Robles;1964-10-20;2013-04-14;Sí;141;No
382;Lidia Márquez;1932-08-16;1952-05-18;No;883;Sí
383;Álvaro Segura;1995-09-27;2024-12-04;Sí;0;No
384;Patricia Cabral;2004-10-23;2024-12-04;No;0;No
385;David Velasco;1999-11-10;2009-04-03;Sí;190;No
386;Bianca Zúñiga;1989-09-26;2012-09-23;No;148;No
387;Emiliano Vargas;1982-02-11;2024-12-04;No;0;No
388;Susana Paredes;1922-05-01;1943-02-21;Sí;995;Sí
389;Eduardo Duarte;1969-06-23;1984-07-15;No;491;No
390;Cristina Lara;1938-09-16;1952-12-16;No;876;Sí
391;Ricardo Sánchez;1952-09-07;1981-07-13;Sí;528;No
392;Ana García;2016-05-11;2024-12-04;Sí;0;No
393;Carlos Rodríguez;1991-07-31;2024-12-04;No;0;No
394;Laura Martínez;1930-12-14;1974-04-09;Sí;616;Sí
395;Antonio Hernández;1933-10-31;1993-08-19;Sí;381;No
396;María López;2017-03-18;2024-12-04;No;0;No
397;David Pérez;1996-11-11;2024-12-04;Sí;0;No
398;Isabel Fernández;2008-06-27;2024-12-04;No;0;No
399;Javier González;1930-09-18;1960-01-13;No;790;Sí
400;Sofia Moreno;1967-10-11;1988-04-03;Sí;446;No
401;Alejandro Ruiz;1986-01-01;2024-02-07;Sí;10;No
402;Andrea Álvarez;1976-11-06;2024-12-04;No;0;No
403;Miguel Martín;1976-02-07;2022-11-08;No;25;No
404;Patricia Santos;1929-03-27;1935-09-03;Sí;1086;Sí
405;Jorge Muñoz;1953-04-18;1967-02-13;Sí;703;Sí
406;Cristina Gómez;2007-08-08;2024-12-04;No;0;No
407;Francisco Alonso;1994-04-04;2024-12-04;Sí;0;No
408;Inés Rubio;2015-06-01;2024-12-04;Sí;0;No
409;Pablo Díaz;1994-11-18;2024-12-04;Sí;0;No
410;Lucía Castro;1995-03-20;2005-01-14;No;242;No
411;Etta Flores;1998-09-29;2024-12-04;No;0;No
412;Lincoln Wilson;1989-05-29;2010-04-11;Sí;178;No
413;Luna Tucker;1983-05-02;2013-07-16;Sí;138;No
414;Ivan Tyler;1961-11-26;1980-11-20;No;536;No
415;Helena Travis;1946-11-17;1997-01-18;Sí;339;No
416;Willie Pennington;1950-10-31;1962-06-28;No;760;Sí
417;Yareli Craig;1921-02-21;1972-08-04;Sí;637;Sí
418;Odin Hickman;1975-09-27;1992-02-22;No;399;No
419;Scarlette Soto;1928-12-11;1982-08-08;No;515;No
420;Barrett Kramer;1967-02-12;1994-12-29;No;364;No
421;Hanna Hensley;1985-11-07;2007-09-12;Sí;209;No
422;Layne Prince;1991-06-09;2020-11-08;Sí;49;No
423;Greta Norris;1951-01-16;2006-06-28;Sí;224;No
424;Cairo Dennis;1921-02-16;1980-07-21;Sí;540;No
425;Maisie Bernard;1940-08-26;1992-08-20;Sí;393;No
426;Jair Hall;2011-09-16;2017-04-15;Sí;93;No
427;Leah McDaniel;1984-06-21;1999-10-08;Sí;306;No
428;Major Espinosa;1994-12-22;2024-12-04;No;0;No
429;Braylee Tanner;1971-09-18;2003-06-15;No;261;No
430;Bruno Barton;2017-11-02;2024-12-04;Sí;0;No
431;Danna Villa;1967-12-06;1991-05-10;Sí;408;No
432;Clay Pittman;1976-01-10;2024-12-04;No;0;No
433;Marie Velazquez;1969-02-27;1990-01-04;Sí;425;No
434;Drew Hubbard;1933-12-22;1982-04-16;No;519;No
435;Rosie Shepherd;2015-08-01;2024-12-04;No;0;No
436;Ronald Salgado;1983-06-29;2024-12-04;No;0;No
437;Avalynn Tang;1940-02-22;1988-12-30;No;437;No
438;Rogelio Jefferson;2008-12-03;2021-05-14;Sí;43;No
439;Julieta Ray;2019-02-18;2024-12-04;No;0;No
440;Arlo Weeks;1975-03-03;2005-02-25;Sí;240;No
441;Karen Wiley;1935-06-15;1985-04-23;Sí;482;No
442;Mathew Mathews;1927-12-24;1950-05-30;No;907;Sí
443;Sloan Avery;1978-06-17;2021-12-09;Sí;36;No
444;Jakari Buckley;1959-06-02;1997-11-30;Sí;328;No
445;Theodora Caldwell;1921-12-29;1977-03-08;No;581;Sí
446;Rylan Taylor;1921-11-29;1966-06-22;Sí;711;Sí
447;Sofia Morgan;1958-02-13;2010-06-26;No;175;No
448;Hunter Ramos;1965-12-09;2024-06-25;Sí;5;No
449;Alice May;1940-04-05;1973-10-27;Sí;622;Sí
450;Finley Dorsey;1986-12-26;2024-12-04;No;0;No
451;Addyson David;1931-12-09;1937-03-06;Sí;1068;Sí
452;Alonso Rice;2016-07-25;2024-12-04;Sí;0;No
453;Ada Kent;1966-10-27;2000-03-08;No;301;No
454;Mekhi Barr;2008-06-14;2024-12-04;Sí;0;No
455;Noemi Weiss;1935-01-08;1948-05-05;Sí;932;Sí
456;Koa Drake;1942-10-27;1948-02-08;No;935;Sí
457;Jayleen Cox;1978-06-29;2008-05-05;No;201;No
458;Connor Bradshaw;1984-07-19;2024-12-04;No;0;No
459;Berkley Hanson;2006-09-13;2024-12-04;No;0;No
460;Khalil Warren;1950-06-22;1972-02-14;No;642;Sí
461;Sloane McDonald;1980-02-27;2024-12-04;Sí;0;No
462;Calvin Owens;1923-03-13;1933-06-18;No;1113;Sí
463;Amaya Kelley;1994-06-13;2024-12-04;No;0;No
464;Eric Hudson;1922-11-28;1946-11-04;Sí;950;Sí
465;Kamila Stuart;1970-10-05;2024-12-04;No;0;No
466;Dion Reyna;1986-05-18;1992-11-19;Sí;390;No
467;Luella Orr;1978-12-27;1994-09-10;Sí;368;No
468;Benicio Phelps;1979-05-20;1993-08-28;Sí;380;No
469;Laney Kline;1950-08-05;1992-11-26;No;389;No
470;Ramon Diaz;1982-10-07;1994-06-01;No;371;No
471;Elena Petersen;1945-08-05;1951-11-05;No;889;Sí
472;Samson Gaines;1984-12-04;2024-12-04;Sí;0;No
473;Aya Huerta;1944-06-07;1949-12-30;Sí;912;Sí
474;Douglas Velazquez;1986-10-15;1994-03-31;Sí;373;No
475;Jaliyah Todd;1938-08-15;1975-07-10;Sí;601;Sí
476;Baylor Blackwell;1938-06-06;1988-05-04;No;445;No
477;Saoirse Dalton;1984-09-06;2013-03-24;Sí;142;No
478;Fletcher Cordova;1967-06-20;1974-11-29;No;608;Sí
479;Florence Michael;2016-08-31;2023-01-26;Sí;22;No
480;Bronson Mann;1939-04-27;1955-07-26;Sí;844;Sí
481;Paislee Marquez;1951-07-13;1992-10-28;Sí;390;No
482;Malakai Carroll;1924-03-22;1971-02-22;No;654;Sí
483;Zara Rhodes;1979-05-08;2024-12-04;No;0;No
484;Titus McCann;1995-06-25;2020-02-18;Sí;58;No
485;Joyce Drake;1983-11-08;2017-02-13;Sí;95;No
486;Jalen O’Connor;1972-03-13;2009-06-19;No;188;No
487;Charli York;1969-01-27;1978-05-05;Sí;567;Sí
488;Leandro Dixon;1981-10-03;2024-01-08;Sí;11;No
489;Blakely Zavala;1993-10-26;2024-12-04;Sí;0;No
490;Dillon Bowers;1997-06-20;2024-12-04;Sí;0;No
491;Elisa Larson;1957-10-20;2017-01-14;Sí;96;No
492;Rafael Yates;1992-05-14;2010-06-14;No;176;No
493;Charley Bell;1968-08-05;2023-09-22;No;14;No
494;Emmett Barnes;1991-11-20;2024-12-04;Sí;0;No
495;Liliana Bishop;1923-08-17;1935-01-27;Sí;1093;Sí
496;Paxton Pugh;1990-06-13;2008-07-23;No;199;No
497;Landry Cordova;2018-04-25;2024-12-04;Sí;0;No
498;Vicente Cochran;1985-03-03;2024-12-04;Sí;0;No
499;Alma Proctor;1974-05-27;2007-04-10;Sí;214;No
500;Vance Lucas;2014-09-02;2024-12-04;Sí;0;No
501;Phoenix Williamson;1938-01-14;1987-01-24;No;460;No
502;Emerson Gillespie;1993-05-07;2000-02-26;Sí;301;No
503;Alianna Johns;1989-03-28;2006-12-13;Sí;218;No
504;Joziah Greer;1997-02-23;2024-12-04;No;0;No
505;Reina Solomon;1998-08-09;2011-08-06;Sí;162;No
506;Musa Rodgers;1962-05-25;2011-03-16;Sí;167;No
507;Selah Rios;1976-07-17;2019-12-09;Sí;60;No
508;Israel Brewer;1932-12-31;1962-06-28;No;760;Sí
509;Thea Archer;1978-02-18;2017-12-27;No;84;No
510;Ephraim Brewer;1945-10-31;1967-11-26;Sí;694;Sí
511;Thea Gray;1930-02-26;1979-10-21;Sí;549;Sí
512;Nicholas Stephenson;2003-02-09;2024-12-04;Sí;0;No
513;Khaleesi Sampson;1955-11-29;1961-11-14;Sí;767;Sí
514;Cain Wiley;1989-09-25;2013-11-28;Sí;134;No
515;Lauryn Alfaro;1960-03-14;2003-08-17;Sí;259;No
516;Xzavier Serrano;1921-05-19;1971-09-01;Sí;648;Sí
517;Allie Fischer;2013-01-14;2020-08-26;No;52;No
518;Leonidas Hardy;2013-11-27;2024-07-28;Sí;4;No
519;Jessica Aguirre;1996-09-14;2024-12-04;No;0;No
520;Andy Choi;1985-08-07;2024-12-04;No;0;No
521;Karla Barron;2011-12-20;2024-12-04;No;0;No
522;Dustin Valentine;1967-05-26;1981-11-06;No;524;No
523;August Cortez;1925-10-06;1949-01-13;Sí;923;Sí
524;Zayn Koch;2019-08-24;2024-12-04;No;0;No
525;Milana Finley;1982-02-24;2004-05-19;No;250;No
526;Calum Farley;2014-10-14;2024-12-04;Sí;0;No
527;Wrenley Herrera;1976-04-15;2024-12-04;Sí;0;No
528;River Duffy;1995-04-26;2024-12-04;No;0;No
529;Addisyn Rubio;1996-04-11;2014-02-24;Sí;131;No
530;Titan Yoder;1950-02-15;1973-02-02;Sí;631;Sí
531;Emerie Myers;1979-07-02;2017-05-11;Sí;92;No
532;Adam Carrillo;1990-09-16;2024-12-04;Sí;0;No
533;Kaylani Brennan;2003-02-08;2024-12-04;No;0;No
534;Curtis White;1957-11-25;1997-05-06;Sí;335;No
535;Layla Wong;1936-12-12;1975-05-08;Sí;603;Sí
536;Walter Ahmed;1968-04-18;2021-12-19;Sí;36;No
537;Jolie Osborne;1929-02-12;1968-04-06;No;689;Sí
538;Augustus Leon;1972-04-04;2003-02-27;Sí;265;No
539;Amora Ibarra;1987-02-02;2024-12-04;Sí;0;No
540;Asa Peralta;1939-06-24;1945-12-03;No;961;Sí
541;Malayah Peralta;1956-06-23;2014-06-06;Sí;127;No
542;Dangelo Chase;2013-06-02;2024-12-04;Sí;0;No
543;Angie Faulkner;1950-01-18;1989-12-29;Sí;425;No
544;Jabari Fitzgerald;1950-03-07;1993-04-05;No;385;No
545;Marlee Bentley;1978-09-20;2015-05-15;Sí;116;No
546;Randy Bradford;1988-04-06;2018-04-05;No;81;No
547;Rhea Mosley;1985-08-06;1992-01-12;No;400;No
548;Rayden Ray;1921-10-29;1971-09-07;Sí;648;Sí
549;Ruth Roberson;2001-04-28;2007-05-06;Sí;214;No
550;Shepherd Montgomery;1945-07-25;1983-12-15;No;498;No
551;Evangeline Parks;2019-11-24;2024-12-04;Sí;0;No
552;Gianni Conley;1972-05-16;1983-11-05;Sí;500;No
553;Salem Fields;2007-05-25;2024-12-04;Sí;0;No
554;Clayton Medrano;2011-03-11;2020-09-10;Sí;51;No
555;Halle Richardson;1994-11-23;1999-12-05;Sí;304;No
556;Robert Dickerson;1933-03-28;1950-10-29;Sí;902;Sí
557;Opal Collins;1975-03-12;1986-06-05;No;468;No
558;Miles Blankenship;1956-03-08;2000-04-27;Sí;299;No
559;Rosalee Cantrell;2017-04-28;2024-12-04;No;0;No
560;Harris Yu;2006-03-01;2024-12-04;No;0;No
561;Navy Owens;1967-05-22;1982-10-29;No;512;No
562;Adriel Daniel;1995-05-19;2024-12-04;Sí;0;No
563;Joy Stephens;2014-01-16;2024-12-04;Sí;0;No
564;Messiah Garrison;1935-08-23;1946-06-04;No;955;Sí
565;Cadence Hudson;1933-02-25;1966-03-07;Sí;715;Sí
566;Peter Quinn;1947-10-02;1990-06-03;Sí;420;No
567;Heaven Good;1920-01-10;1959-06-27;Sí;796;Sí
568;Davian Burgess;1972-09-19;1986-12-14;No;462;No
569;Emory McCoy;1985-02-21;2007-09-29;No;209;No
570;Jett Allen;2000-11-24;2024-12-04;Sí;0;No
571;Riley Allison;1922-10-12;1981-01-25;No;533;No
572;Dennis Murray;1995-11-15;2024-12-04;Sí;0;No
573;Faith Hebert;2015-09-20;2022-06-09;Sí;30;No
574;Guillermo Orr;1943-01-15;1993-08-18;Sí;381;No
575;Alaiya Dixon;1985-04-02;2019-11-26;No;61;No
576;Camden Rowland;1931-05-21;1952-01-20;Sí;887;Sí
577;Harleigh Gates;1975-08-09;2010-12-11;No;170;No
578;Ermias Burns;1939-01-31;1980-01-30;Sí;546;Sí
579;Emerson Gallegos;1938-12-30;1998-03-31;Sí;324;No
580;Jonas Ellis;1977-12-15;2008-11-19;Sí;195;No
581;Ayla Chandler;1975-10-23;1997-12-27;No;327;No
582;Royal Cordova;1969-04-30;2017-02-17;Sí;94;No
583;Florence Noble;1948-04-27;1969-06-16;Sí;675;Sí
584;Idris Wilkinson;1943-10-29;1987-02-19;No;460;No
585;Siena Nunez;1921-01-19;1954-12-09;Sí;852;Sí
586;Caden McClain;1921-02-08;1972-07-14;Sí;637;Sí
587;Marleigh Carlson;1999-12-01;2021-08-11;Sí;40;No
588;Paul Roman;1954-12-11;1985-12-12;Sí;474;No
589;Astrid Frederick;1970-05-02;2024-12-04;No;0;No
590;Kase Cobb;2009-04-09;2022-12-20;Sí;23;No
591;Aviana Nixon;1946-12-30;2004-05-02;No;250;No
592;Cory Cook;1961-05-11;1983-02-06;Sí;509;No
593;Aaliyah Ramirez;1984-07-17;2024-12-04;No;0;No
594;David Cruz;1984-05-28;1999-03-04;No;313;No
595;Claire Blackburn;1929-12-15;1961-11-29;No;767;Sí
596;Zahir Montes;1949-11-20;1993-08-01;No;381;No
597;Roselyn Santos;1933-03-02;1989-01-19;Sí;436;No
598;Walker Acevedo;2008-02-29;2024-12-04;Sí;0;No
599;Ashlynn Austin;1956-11-03;1966-08-10;No;710;Sí
600;Omar Solomon;2015-04-28;2024-12-04;Sí;0;No
601;Mylah Larson;1966-10-26;1973-07-05;Sí;626;Sí
602;Rafael Ortega;1980-02-04;2024-12-04;Sí;0;No
603;Lilah Cortes;1932-06-10;1984-11-29;No;487;No
604;Banks Mills;1992-12-25;2003-04-16;Sí;263;No
605;June Nielsen;2019-01-28;2024-12-04;Sí;0;No
606;Tru Schneider;1939-10-27;1947-06-20;Sí;943;Sí
607;Delaney Farley;1959-09-02;2005-04-24;Sí;238;No
608;Graysen Holt;1998-02-18;2003-11-25;No;256;No
609;Adelynn Fuentes;2007-09-30;2024-12-04;No;0;No
610;Bowen Serrano;1943-01-27;1965-03-19;Sí;727;Sí
611;Allie Stout;1986-06-28;1994-05-20;Sí;371;No
612;Callahan Greene;1982-10-10;2017-02-17;Sí;94;No
613;Selena Doyle;1972-07-24;1991-09-26;No;404;No
614;Kashton Webb;1974-02-04;1998-03-15;Sí;325;No
615;Ariella Huff;1961-10-06;1991-12-13;No;401;No
616;Finnley Malone;1923-06-06;1931-10-16;Sí;1133;Sí
617;Skyler Price;1953-04-30;1981-07-04;No;528;No
618;Brooks Peters;1993-02-04;2024-12-04;No;0;No
619;Leila Wu;1963-03-17;1974-06-21;No;614;Sí
620;Kyson Mata;1955-09-25;1964-02-14;Sí;740;Sí
621;Lillie Rivers;1939-01-10;1958-09-22;Sí;806;Sí
622;Bear Wright;1941-12-13;1991-03-21;No;410;No
623;Lily Delacruz;1939-01-02;1944-05-05;No;981;Sí
624;Memphis Zhang;1991-01-02;2024-12-04;Sí;0;No
625;Sarai Mayer;1984-01-11;2024-12-04;Sí;0;No
626;Yahir Ross;1947-12-14;1971-02-14;Sí;655;Sí
627;Peyton Novak;1968-07-02;1991-06-27;No;407;No
628;Bishop Miller;1999-03-07;2013-01-26;Sí;144;No
629;Isabella Haley;2006-10-19;2024-12-04;No;0;No
630;Leif Pham;1932-09-11;1958-06-27;Sí;808;Sí
631;Raelyn Leon;1933-04-16;1975-07-15;Sí;601;Sí
632;Marshall Hahn;1974-05-13;2012-07-12;Sí;150;No
633;Fallon Nash;1979-10-11;2002-01-02;No;279;No
634;Chandler Gibson;1974-08-28;1995-06-01;Sí;359;No
635;Eden Ventura;1994-05-21;2024-12-04;No;0;No
636;Branson Paul;1941-09-28;1952-02-17;Sí;886;Sí
637;Daphne Shaw;1959-05-24;1994-06-19;Sí;370;No
638;Elliot Valdez;1935-04-01;1987-07-17;No;455;No
639;Diana Schmidt;1931-10-10;1949-01-03;Sí;924;Sí
640;Zayden Daniel;1952-11-23;1985-11-20;Sí;475;No
641;Joy Rocha;1937-02-14;1968-04-13;No;689;Sí
642;Onyx Le;1966-12-09;1997-02-20;Sí;338;No
643;Myla Logan;1986-04-18;2018-08-24;Sí;76;No
644;Rocco Holland;1961-07-27;1987-02-25;Sí;459;No
645;Mariah Wilcox;1937-01-29;1979-07-02;No;553;Sí
646;Jerry Wolfe;1936-09-03;1954-04-19;No;859;Sí
647;Hallie Oliver;1951-11-11;1990-09-25;No;416;No
648;Karson Pratt;1981-05-15;2024-12-04;Sí;0;No
649;Ailani Weiss;1985-11-26;2024-12-04;Sí;0;No
650;Koa Monroe;1970-01-09;2015-02-13;Sí;119;No
651;Carly Collins;2018-08-28;2024-12-04;No;0;No
652;Miles Rhodes;2011-07-16;2024-12-04;No;0;No
653;Tatum Lawson;1931-06-20;1978-11-29;Sí;560;Sí
654;Lane Ochoa;1947-10-27;1962-12-31;No;753;Sí
655;Luciana Bridges;1998-08-31;2004-06-27;Sí;248;No
656;Mohammed Wilcox;1950-12-23;1989-03-22;No;434;No
657;Ashlyn Mendez;1985-08-01;2024-12-04;Sí;0;No
658;Arthur Marsh;1978-11-20;2011-05-31;Sí;164;No
659;Adelina Hendrix;1980-02-24;1997-04-20;Sí;336;No
660;Korbyn Moses;1983-02-20;1996-07-18;Sí;345;No
661;Karter Foley;1957-07-21;1999-10-12;Sí;306;No
662;Mohammad Chambers;1966-04-16;2010-05-27;Sí;176;No
663;Makayla Trujillo;1971-05-30;2014-08-22;Sí;125;No
664;Apollo Walters;1995-10-27;2024-12-04;Sí;0;No
665;Samara Rivera;1992-02-01;2023-02-22;Sí;21;No
666;Charles Cisneros;1964-07-30;2006-03-17;Sí;227;No
667;Janelle Roberts;1984-09-05;2022-02-28;No;33;No
668;Josiah Montgomery;1983-11-07;2011-02-03;Sí;168;No
669;Evangeline Schwartz;1948-09-18;1962-09-21;No;757;Sí
670;Edwin Vaughn;1981-10-21;1997-11-04;No;329;No
671;Reign Dalton;1934-05-07;1953-04-27;Sí;871;Sí
672;Fletcher Leach;1948-09-08;2000-06-19;No;297;No
673;Martha Robinson;1972-09-26;2000-01-01;No;303;No
674;Matthew Hayes;1932-02-19;1983-07-24;No;503;No
675;Iris Quinn;2001-05-16;2021-12-26;Sí;35;No
676;Rhys Mason;1957-02-23;1983-08-19;Sí;502;No
677;Sienna Rogers;1958-10-26;1999-05-04;No;311;No
678;Colton Anthony;1980-10-07;2004-09-20;Sí;246;No
679;Macy Wang;1920-10-29;1979-07-11;Sí;552;Sí
680;Cohen Bradley;1966-08-09;1972-12-08;Sí;632;Sí
681;Vanessa Payne;1920-02-25;1944-08-16;Sí;977;Sí
682;Edward McMillan;1943-11-13;1991-12-16;Sí;401;No
683;Oakleigh O’brien;1998-07-29;2012-04-04;Sí;154;No
684;Riley Barrett;1942-04-25;1951-11-16;No;889;Sí
685;Kendall Rivers;1925-10-26;1942-01-29;Sí;1008;Sí
686;Bear Fitzgerald;1965-11-08;1980-07-30;No;539;No
687;Marlee Kelley;1932-08-26;1958-11-24;Sí;803;Sí
688;Eric Harrell;1961-02-28;1968-11-23;Sí;682;Sí
689;Kara Evans;1934-01-13;1981-11-05;Sí;524;No
690;Elias Santana;1934-01-09;1987-09-05;No;453;No
691;Myra McPherson;1969-05-13;1989-04-13;Sí;433;No
692;Foster Chambers;1967-05-16;1982-07-13;Sí;516;No
693;Makayla Blair;1972-07-07;1981-04-03;Sí;531;No
694;Troy Boyle;1924-03-11;1951-08-11;Sí;892;Sí
695;Aliya Ho;1983-11-19;2013-07-22;No;138;No
696;Morgan Wolf;2014-12-07;2024-12-04;No;0;No
697;Jolene Santana;2018-03-01;2024-12-04;Sí;0;No
698;Mohamed Hammond;1942-04-27;1957-07-08;Sí;820;Sí
699;Holly Scott;1948-02-10;1966-04-07;Sí;714;Sí
700;Leo Wilkins;1989-03-28;2000-03-25;No;300;No
701;Amalia Roach;1922-11-28;1952-11-03;Sí;877;Sí
702;Caspian McCoy;2001-12-07;2024-12-04;Sí;0;No
703;Mckenzie Porter;1937-01-20;1949-12-03;No;913;Sí
704;Rhett Diaz;1932-09-06;1952-12-27;Sí;875;Sí
705;Elena Rasmussen;1929-11-05;1983-08-23;No;502;No
706;Will Quinn;1936-11-20;1976-05-11;No;591;Sí
707;Heaven Anderson;1940-09-13;1970-02-20;Sí;667;Sí
708;Jacob Alvarez;1942-08-11;1987-02-18;No;460;No
709;Leilani Montes;1965-06-29;2002-01-21;Sí;278;No
710;Darren Ramsey;1993-03-12;2017-05-20;Sí;91;No
711;Lyric Pollard;1937-06-11;1973-02-14;Sí;630;Sí
712;Jad Archer;1991-05-17;2004-07-21;Sí;248;No
713;Kadence Burton;1959-05-05;1997-04-20;Sí;336;No
714;Zander Ellison;1955-05-07;1985-07-31;No;479;No
715;Raina Sanders;1941-09-30;1964-06-17;Sí;736;Sí
716;Jose Morton;1953-05-26;1966-03-27;Sí;714;Sí
717;Mallory McCoy;1963-01-23;1997-05-02;Sí;335;No
718;Jett Salas;1983-09-22;1991-12-11;Sí;401;No
719;Amber Bean;1938-06-13;1956-06-23;Sí;833;Sí
720;Mccoy Turner;1963-07-27;1968-08-05;Sí;685;Sí
721;Brooklyn Jimenez;2016-06-25;2024-12-04;No;0;No
722;Silas Gibson;1972-05-10;2008-12-28;No;194;No
723;Eden Hines;2014-07-15;2024-12-04;Sí;0;No
724;Uriel York;1947-11-02;1991-04-21;Sí;409;No
725;Milan Goodman;1948-11-23;1984-01-26;Sí;497;No
726;Philip Page;1967-04-04;1994-10-18;Sí;366;No
727;Cataleya Carr;1930-06-09;1979-09-18;Sí;550;Sí
728;Kash Spence;1996-09-22;2024-12-04;Sí;0;No
729;Aislinn Marquez;1994-09-14;2017-09-08;Sí;88;No
730;Malakai Young;1993-08-25;1999-10-04;No;306;No
731;Zoey Lane;1924-05-24;1954-08-06;Sí;856;Sí
732;Matias Carroll;1935-05-24;1952-07-09;No;881;Sí
733;Zara Dyer;1938-07-12;1961-06-08;Sí;773;Sí
734;Atreus Dorsey;1994-04-21;2023-09-07;Sí;15;No
735;Addyson Cabrera;1951-10-18;1968-02-22;Sí;691;Sí
736;Cade Ibarra;1948-12-28;1986-12-20;Sí;462;No
737;Madilynn Flowers;1958-02-08;1997-08-18;Sí;332;No
738;Saul Moody;1975-01-31;2015-11-18;No;110;No
739;Elaine Zavala;1995-02-22;2024-12-04;Sí;0;No
740;Dillon Larson;1955-09-20;1974-01-30;No;619;Sí
741;Alayna Castillo;1987-12-13;2024-12-04;No;0;No
742;Kai Erickson;2016-10-21;2024-12-04;No;0;No
743;Sabrina Banks;1931-11-03;1953-04-18;No;872;Sí
744;Martin Cochran;1949-07-14;2002-01-09;No;278;No
745;Alma Gilmore;1944-12-11;1969-07-09;Sí;674;Sí
746;Vihaan Cole;1964-11-14;1979-10-02;Sí;550;Sí
747;Margaret Edwards;1958-06-13;1990-07-04;Sí;419;No
748;Adrian Dixon;1998-09-14;2022-07-29;No;28;No
749;Blakely Estes;1981-03-11;2023-01-22;Sí;22;No
750;Hakeem Mercado;1920-04-27;1970-06-18;Sí;663;Sí
751;Mckinley Wall;1971-11-04;2003-11-14;Sí;256;No
752;Issac Espinosa;1956-03-26;1994-11-16;Sí;365;No
753;Braylee Massey;1922-04-26;1960-09-26;Sí;781;Sí
754;Donald Barr;1949-12-28;1984-08-19;Sí;490;No
755;Noemi Bridges;1957-07-08;1968-05-13;No;688;Sí
756;Mohammed Solis;1982-02-24;2024-12-04;Sí;0;No
757;Miracle Lin;2007-09-24;2016-03-31;No;105;No
758;Conor Conrad;1937-09-17;1985-09-20;No;477;No
759;Bexley Booker;2002-06-04;2024-12-04;Sí;0;No
760;Dominik Church;1992-03-29;2024-12-04;Sí;0;No
761;Ayleen Felix;1925-08-10;1949-11-29;Sí;913;Sí
762;Rodney Brady;1955-06-07;1970-06-07;Sí;663;Sí
763;Ryan Odom;1925-01-02;1981-04-26;No;530;No
764;Kylian Zamora;1925-04-01;1972-12-15;No;632;Sí
765;Sierra Drake;1976-06-13;2005-02-02;Sí;241;No
766;Jalen Logan;2008-04-22;2024-12-04;No;0;No
767;Kora Fleming;1975-02-09;2006-07-28;No;223;No
768;Fernando Lugo;1920-01-10;1958-04-14;No;811;Sí
769;Kaylie Proctor;1965-07-27;1975-06-28;No;601;Sí
770;Vance Paul;1981-05-22;2012-09-01;No;149;No
771;Daphne Roberts;1947-01-04;1967-01-19;Sí;704;Sí
772;Josiah Drake;1926-01-28;1958-03-06;No;812;Sí
773;Jayleen Cameron;1934-06-23;1976-11-27;Sí;584;Sí
774;Rayan Wilcox;2014-02-23;2024-12-04;Sí;0;No
775;Ashlyn Huber;1943-04-22;1989-12-23;No;425;No
776;Mac Roberts;1923-09-04;1932-03-25;Sí;1128;Sí
777;Paisley Chen;1972-08-11;2003-06-10;Sí;261;No
778;Emmanuel Mullins;1995-05-21;2024-12-04;Sí;0;No
779;Maliyah Dougherty;1958-12-18;1976-08-06;Sí;588;Sí
780;Brett Carter;2008-05-31;2024-12-04;No;0;No
781;Lucy Hurley;1992-11-12;2024-12-04;Sí;0;No
782;Van Valdez;2019-04-09;2024-12-04;Sí;0;No
783;Diana Walker;1997-05-09;2024-12-04;Sí;0;No
784;Luke Briggs;1969-04-01;1991-06-25;Sí;407;No
785;Alia McDonald;2004-12-22;2024-12-04;Sí;0;No
786;Calvin Reed;1953-06-15;1967-04-13;Sí;701;Sí
787;Valentina Costa;1920-08-23;1929-03-30;No;1164;Sí
788;Kenji Brennan;1925-03-23;1963-12-31;Sí;741;Sí
789;Elodie Howard;1943-06-16;1967-02-02;Sí;704;Sí
790;Jeremiah Gray;2019-05-19;2024-12-04;Sí;0;No
791;Sarah Malone;1934-05-23;1959-03-05;Sí;800;Sí
792;Ruben Ayala;1972-01-27;1986-01-11;Sí;473;No
793;Blair Adams;1942-05-07;1947-09-28;No;939;Sí
794;Hudson Murray;1934-10-29;1953-07-16;No;869;Sí
795;Faith Woods;2018-12-31;2024-12-04;No;0;No
796;Zion Moses;1936-04-17;1949-08-12;Sí;916;Sí
797;Karter McKinney;1979-10-30;2011-04-04;Sí;166;No
798;Romeo Fletcher;1941-12-03;1993-02-04;Sí;387;No
799;Anaya Bishop;2003-07-27;2024-12-04;Sí;0;No
800;Paxton Dalton;1983-11-11;2024-12-04;Sí;0;No
801;Lilian Hoffman;1978-01-20;2024-12-04;Sí;0;No
802;Steven Paul;1962-07-03;2008-07-22;No;199;No
803;Daphne Tang;1972-10-16;2022-07-07;No;29;No
804;Rogelio Knox;1985-07-08;2014-10-02;No;123;No
805;Kallie Stark;1920-03-18;1957-03-24;No;824;Sí
806;Kristopher Matthews;1976-06-06;1989-03-27;No;434;No
807;Lila Shah;1966-07-02;2015-05-05;Sí;116;No
808;Zain Mahoney;1958-06-30;1966-03-12;Sí;715;Sí
809;Promise Gilmore;1967-10-10;1993-08-21;No;380;No
810;Vihaan Beasley;1970-09-15;2000-10-12;No;293;No
811;Jaylah Camacho;1946-01-14;1998-11-26;Sí;316;No
812;Tatum Frederick;2000-03-08;2023-05-24;Sí;18;No
813;Sariyah Olson;1997-02-18;2022-06-13;No;30;No
814;Malachi Jimenez;1952-09-23;1959-10-31;No;792;Sí
815;Adeline Saunders;1941-05-14;1994-11-24;No;365;No
816;Kasen Lucas;1937-12-22;1981-08-12;Sí;527;No
817;Phoenix Keller;1936-05-20;1953-04-24;No;871;Sí
818;Nico Perkins;1978-12-08;2015-07-15;Sí;114;No
819;Sage Woodward;1970-11-08;2024-12-04;Sí;0;No
820;Jeremias Branch;1945-02-22;1965-09-29;No;720;Sí
821;Luisa Stein;1972-04-13;2024-12-04;No;0;No
822;Creed Bernal;1926-01-01;1934-01-29;No;1106;Sí
823;Emmeline Stevens;2013-02-17;2024-12-04;Sí;0;No
824;Zachary Woods;1950-10-16;1974-04-22;No;616;Sí
825;Reese Chung;1970-04-29;2009-01-22;Sí;193;No
826;Ira Clay;2019-10-23;2024-12-04;Sí;0;No
827;Aliana Huff;1993-03-05;2024-12-04;No;0;No
828;Finnley Gross;1931-01-01;1970-08-09;No;661;Sí
829;Angel Leach;1950-12-11;1977-05-31;No;578;Sí
830;Westin Flynn;1925-05-24;1969-04-18;No;677;Sí
831;Dorothy Lewis;1994-06-23;2024-12-04;Sí;0;No
832;Wyatt Barrett;2005-03-05;2024-12-04;No;0;No
833;Kendall Perez;1968-02-24;1987-05-09;No;457;No
834;Owen Hodge;1987-02-17;1998-11-23;Sí;316;No
835;Coraline Calhoun;2005-08-15;2024-12-04;No;0;No
836;Gary Gordon;1980-02-06;2024-12-04;Sí;0;No
837;Taylor James;1962-02-03;1985-06-11;Sí;480;No
838;Jaxson Vo;1935-11-06;1951-01-04;Sí;899;Sí
839;Artemis Brennan;1934-10-22;1953-08-19;Sí;868;Sí
840;Curtis Briggs;1988-08-04;2023-01-14;Sí;23;No
841;Alia Strong;1945-11-11;1957-08-20;Sí;819;Sí
842;Axl Hinton;1922-07-11;1937-05-28;Sí;1065;Sí
843;Jaelynn McClure;2010-11-11;2024-12-04;Sí;0;No
844;Reese Chase;1949-07-16;1994-03-11;Sí;374;No
845;Angie Boyle;2008-02-12;2017-11-11;Sí;86;No
846;Robin Burch;1923-01-25;1950-09-03;Sí;904;Sí
847;Freyja Yu;2008-01-13;2024-12-04;Sí;0;No
848;Bryant Fernandez;1967-06-17;1979-02-07;Sí;557;Sí
849;Amara Romero;1926-05-25;1965-03-11;Sí;727;Sí
850;Bryson Gilmore;1926-02-21;1951-06-21;Sí;894;Sí
851;Chanel Schroeder;1972-02-06;2000-06-16;Sí;297;No
852;Izaiah Hoover;2008-05-03;2024-12-04;No;0;No
853;Virginia Fox;1984-11-30;2024-12-04;Sí;0;No
854;Antonio Guerra;2000-09-23;2024-12-04;No;0;No
855;Edith Bennett;1937-06-11;1981-01-25;Sí;533;No
856;Leonardo Vaughan;1937-05-30;1944-03-20;No;982;Sí
857;Nancy Faulkner;2018-07-21;2024-12-04;No;0;No
858;Jabari Baker;1975-01-15;2020-07-10;Sí;53;No
859;Isla Buck;1959-05-18;1991-12-01;Sí;401;No
860;Jon Mayo;1971-05-08;2019-09-14;Sí;63;No
861;Aarya Lamb;2017-08-18;2024-12-04;Sí;0;No
862;Kaysen Orozco;1930-04-14;1944-07-08;No;978;Sí
863;Renata Frederick;1976-06-04;1981-12-27;No;522;No
864;Kase Kane;1965-02-11;1977-05-29;Sí;578;Sí
865;Ellianna Tate;2017-01-13;2024-12-04;No;0;No
866;Dalton Park;1947-10-13;1954-07-05;No;857;Sí
867;Lia Sullivan;2011-11-20;2024-12-04;Sí;0;No
868;Evan Wiley;2015-07-05;2024-12-04;Sí;0;No
869;Lauryn Guerrero;1935-10-28;1968-07-14;Sí;686;Sí
870;Bryce Moody;1953-09-02;1978-03-03;Sí;569;Sí
871;Elaine Stuart;1958-10-01;1993-03-10;No;386;No
872;Dion Johnston;1949-07-16;1959-02-18;Sí;801;Sí
873;Laila Goodman;1955-08-04;2004-02-14;No;253;No
874;Philip Medina;1922-03-25;1927-11-15;Sí;1181;Sí
875;Elliana Hodges;1948-11-10;1974-03-30;Sí;617;Sí
876;Alonzo Simon;1988-04-11;2005-06-09;Sí;237;No
877;Kalani Chavez;1926-09-09;1974-01-08;Sí;619;Sí
878;Ian Magana;1948-08-18;1977-01-18;No;582;Sí
879;Amaris Carey;1948-06-02;2004-10-03;Sí;245;No
880;Watson Holland;1941-04-23;1991-12-11;No;401;No
881;Mariah Ellis;1967-07-21;1972-12-14;Sí;632;Sí
882;Cole Cochran;1961-12-19;2003-08-21;Sí;259;No
883;Alma Woodward;1991-10-10;2010-03-04;No;179;No
884;Jeremias Hoffman;2011-12-24;2024-12-04;No;0;No
885;Aspen Tate;1994-10-05;2024-12-04;No;0;No
886;Dalton Villanueva;1974-07-11;2008-10-24;Sí;196;No
887;Monroe Hubbard;1962-01-03;1993-08-08;Sí;381;No
888;Forrest Cannon;1920-05-06;1977-10-28;No;573;Sí
889;Noa Sandoval;1995-08-27;2024-12-04;Sí;0;No
890;Brantley Boyer;1976-03-17;1997-01-13;Sí;339;No
891;Chaya Griffin;1929-03-22;1985-09-01;No;477;No
892;Ayden Villa;1930-05-25;1981-03-07;Sí;532;No
893;Johanna Turner;1957-07-23;1970-04-08;No;665;Sí
894;Joshua Serrano;2014-08-15;2024-12-04;Sí;0;No
895;Allie Conrad;1950-04-06;2006-12-13;No;218;No
896;Dilan Roth;1980-07-20;2000-01-21;No;302;No
897;Elliot Bowers;2019-03-26;2024-12-04;No;0;No
898;Dorian Kerr;2019-01-26;2024-12-04;No;0;No
899;Baylee Garner;1924-07-03;1938-06-12;No;1052;Sí
900;Sage Lowe;1972-09-20;1989-10-12;No;427;No
901;Amari Leach;2018-02-15;2024-12-04;Sí;0;No
902;Westin Parsons;2014-10-16;2024-12-04;Sí;0;No
903;Maia Ali;1927-06-01;1944-07-23;No;978;Sí
904;Arjun Lopez;1952-01-07;1971-11-23;No;645;Sí
905;Gianna Page;1946-01-28;1962-04-26;No;762;Sí
906;Pablo Landry;2007-04-14;2013-10-24;Sí;135;No
907;Brynleigh Bean;2008-09-24;2024-12-04;Sí;0;No
908;Mccoy Freeman;1956-03-16;1966-03-15;Sí;714;Sí
909;Norah Howell;1988-11-09;2024-12-04;Sí;0;No
910;Bradley Farmer;2014-03-01;2024-12-04;No;0;No
911;Madelynn Brandt;1941-10-30;1967-09-18;No;696;Sí
912;Damir Hensley;1943-06-26;1971-04-10;Sí;653;Sí
913;Malaya Daugherty;1942-02-04;2000-07-16;Sí;296;No
914;Turner Herman;1943-09-23;1969-10-14;Sí;671;Sí
915;Paulina Weeks;2019-07-28;2024-12-04;No;0;No
916;Anders Odom;1938-07-28;1978-04-20;Sí;567;Sí
917;Laylani Conrad;1933-08-11;1976-02-28;Sí;593;Sí
918;Dilan Vaughan;1956-12-07;1980-05-01;No;542;Sí
919;Nancy Lugo;1925-06-13;1983-06-16;Sí;504;No
920;Santos Cuevas;1934-07-05;1959-09-10;No;794;Sí
921;Adele McLaughlin;1974-08-21;1995-10-22;No;354;No
922;Ibrahim Armstrong;1981-03-20;2024-12-04;Sí;0;No
923;Presley Becker;1998-09-02;2019-02-25;Sí;70;No
924;Lawson Lowe;1933-01-09;1962-08-14;No;758;Sí
925;Amari Douglas;1972-04-14;1999-12-20;Sí;303;No
926;Derek Stephens;1948-06-17;1969-08-12;Sí;673;Sí
927;Millie Davila;1964-06-19;1982-12-04;Sí;511;No
928;Grey Cox;1995-10-30;2023-11-26;Sí;12;No
929;Sadie Wang;1933-07-15;1978-10-28;No;561;Sí
930;Cohen Lloyd;1974-04-03;2022-06-30;No;29;No
931;Emely Simon;1988-03-21;2023-09-17;Sí;14;No
932;Zayne Vincent;2005-05-29;2017-05-01;Sí;92;No
933;Allyson Olsen;1979-01-17;2024-12-04;Sí;0;No
934;Skyler Nicholson;1947-02-24;1999-11-15;Sí;305;No
935;Justice Cochran;1976-12-18;1997-10-06;Sí;330;No
936;Danny Chang;1947-05-03;1994-09-14;No;367;No
937;Ophelia Costa;1924-10-25;1981-08-05;Sí;527;No
938;Kenji Espinoza;1993-06-24;2024-12-04;Sí;0;No
939;Lucille O’Neal;1926-10-18;1939-11-28;Sí;1035;Sí
940;Eddie Montes;1986-12-02;2011-06-16;Sí;164;No
941;Roselyn Blair;2012-04-26;2024-12-04;Sí;0;No
942;Troy Harding;1996-07-25;2024-12-04;Sí;0;No
943;Aniya Lloyd;1925-09-10;1968-09-20;No;684;Sí
944;Zaire Hines;1927-06-10;1952-07-13;Sí;881;Sí
945;Poppy Enriquez;1996-07-12;2023-05-04;Sí;19;No
946;Elisha Ferguson;1977-03-30;2016-03-25;No;105;No
947;Juliana Erickson;1988-01-25;2024-12-04;Sí;0;No
948;Johnny Frederick;1940-01-07;1977-08-21;Sí;575;Sí
949;Sariyah Matthews;1996-11-08;2024-12-04;No;0;No
950;Preston Richard;1984-07-13;1991-11-04;No;402;No
951;Davina Stanton;1970-07-06;2024-12-04;Sí;0;No
952;Zyair Adams;2011-10-26;2023-08-23;Sí;15;No
953;Stella Weeks;1999-01-11;2024-12-04;Sí;0;No
954;Anders Hardy;1938-03-12;1995-06-29;No;358;No
955;Jessica Byrd;1993-03-15;2024-12-04;Sí;0;No
956;Cristian Morales;1951-06-12;1990-03-14;Sí;422;No
957;Skylar Benitez;1989-11-16;2009-01-19;No;193;No
958;Justice Krueger;1953-10-16;1976-11-19;Sí;584;Sí
959;Kamari Michael;1955-10-31;1978-06-07;Sí;566;Sí
960;Bronson Villegas;2013-10-08;2024-12-04;Sí;0;No
961;Jessie Fitzgerald;1947-08-20;1990-06-28;Sí;419;No
962;Peyton Medina;1965-01-02;1997-10-11;No;330;No
963;Elliana Rangel;1992-04-11;2015-01-14;No;120;No
964;Saint Delacruz;1974-05-03;1989-11-15;Sí;426;No
965;Celine Barrett;1963-01-03;2014-09-30;Sí;123;No
966;Angelo Solis;1950-02-10;1992-03-30;No;397;No
967;Miracle Love;2003-12-29;2022-11-22;Sí;24;No
968;Jeffrey Espinoza;1949-03-31;1987-07-23;No;454;No
969;Lucille Cameron;1943-04-29;1963-03-28;No;751;Sí
970;Rayan Prince;2006-03-10;2024-12-04;Sí;0;No
971;Greta Arnold;1973-12-02;2003-10-05;No;257;No
972;Abraham Jacobson;1929-01-13;1951-07-28;No;893;Sí
973;Royal Meyer;1938-05-28;1967-06-30;Sí;699;Sí
974;Tristan Hinton;1986-02-23;2024-12-04;Sí;0;No
975;Jaelynn Stewart;1974-12-02;1984-05-26;Sí;493;No
976;Nolan Bridges;2018-01-28;2024-12-04;Sí;0;No
977;Elora Salgado;1957-03-02;1965-12-12;Sí;718;Sí
978;Trace Chambers;1941-10-27;1950-08-29;Sí;904;Sí
979;Makayla Wade;2015-08-01;2024-12-04;Sí;0;No
980;Jake Blackburn;1979-02-11;1993-02-14;No;387;No
981;Frida Berg;2007-02-14;2024-12-04;Sí;0;No
982;Cayson Boone;1946-01-07;1952-02-29;Sí;885;Sí
983;Mariam Sims;1971-10-22;2010-10-13;No;172;No
984;Brian Santiago;1953-05-02;1970-09-12;Sí;660;Sí
985;Nyla Jacobs;1978-07-24;2024-12-04;No;0;No
986;Bryan Ellison;1922-04-02;1969-06-21;No;675;Sí
987;Raina Mejia;1967-06-10;1998-12-29;Sí;315;No
988;Atticus Villarreal;1936-11-02;1957-06-03;Sí;821;Sí
989;Jazlyn Lin;1932-02-12;1939-03-19;No;1043;Sí
990;Conor Ponce;1963-11-23;2019-05-06;No;67;No
991;Aileen Arias;1926-01-07;1971-08-02;No;649;Sí
992;Alec Archer;1974-12-22;1984-03-18;Sí;495;No
993;Kadence Bartlett;2019-03-02;2024-12-04;Sí;0;No
994;Kace McPherson;1957-12-11;1979-10-02;Sí;550;Sí
995;Emmaline McCarty;2006-01-08;2024-12-04;No;0;No
996;Blaise Bullock;1943-11-01;1959-01-02;Sí;802;Sí
997;Winnie Spears;1983-08-14;2000-11-18;Sí;292;No
998;Ameer Velez;1981-05-19;2004-04-21;Sí;251;No
999;Megan Daniels;1974-09-12;2024-12-04;Sí;0;No
1000;Eileen Schneider;1962-01-18;1980-04-15;Sí;543;Sí
